{"cameraMode":{"drawMode":0,"name":"Shaded","section":"Shading Mode"},"sceneLighting":true,"audioPlay":false,"sceneViewState":{"m_AlwaysRefresh":false,"showFog":true,"showSkybox":true,"showFlares":true,"showImageEffects":true,"showParticleSystems":true,"showVisualEffectGraphs":true,"m_FxEnabled":true},"in2DMode":false,"pivot":{"x":26.421865463256837,"y":-5.546696186065674,"z":157.10772705078126},"rotation":{"x":-0.05759330466389656,"y":0.7036147117614746,"z":-0.06068987399339676,"w":-0.7061048150062561},"size":13.554609298706055,"orthographic":true}